{
  "deep_learning_model": {
    "mae": 1.0486893116789144,
    "rmse": 1.0890571371703357,
    "mape": 155.31841146813167,
    "quantile_loss_p50": 0.5243446558394572,
    "quantile_loss_p95": 0.7974229237261472
  },
  "baseline_model": {
    "mae": 0.6038789134415566,
    "rmse": 0.757332014054321,
    "mape": 109.36392586669311
  }
}